[{"percent":0.0095,"category":"bakery","amount":95.7055},{"percent":0.0132,"category":"meat","amount":132.559},{"percent":0.0023,"category":"fish","amount":23.287},{"percent":0.0091,"category":"dairy","amount":91.048},{"percent":0.0014,"category":"fatAndOils","amount":14.519},{"percent":0.0061,"category":"fruit","amount":61.2439},{"percent":0.0075,"category":"vegetables","amount":75.3649},{"percent":0.0041,"category":"sweets","amount":41.5491},{"percent":0.0042,"category":"miscellaneous","amount":42.603}]
