[{"percent":0.13,"country":"BE"},{"percent":0.068,"country":"BG"},{"percent":0.11,"country":"CZ"},{"percent":0.134,"country":"DE"},{"percent":0.131,"country":"EE"},{"percent":0.129,"country":"IS"},{"percent":0.097,"country":"GR"},{"percent":0.115,"country":"ES"},{"percent":0.106,"country":"HR"},{"percent":0.107,"country":"IT"},{"percent":0.12,"country":"CY"},{"percent":0.119,"country":"LV"},{"percent":0.081,"country":"LT"},{"percent":0.141,"country":"LU"},{"percent":0.091,"country":"HU"},{"percent":0.142,"country":"MT"},{"percent":0.125,"country":"NL"},{"percent":0.142,"country":"AT"},{"percent":0.077,"country":"PL"},{"percent":0.049,"country":"RO"},{"percent":0.176,"country":"SI"},{"percent":0.108,"country":"SK"},{"percent":0.155,"country":"FI"},{"percent":0.137,"country":"SE"},{"percent":0.145,"country":"CH"}]
