[{"percent":0.115,"country":"BE"},{"percent":0.252,"country":"BG"},{"percent":0.193,"country":"CZ"},{"percent":0.104,"country":"DE"},{"percent":0.215,"country":"EE"},{"percent":0.106,"country":"IS"},{"percent":0.179,"country":"GR"},{"percent":0.14,"country":"ES"},{"percent":0.223,"country":"HR"},{"percent":0.165,"country":"IT"},{"percent":0.137,"country":"CY"},{"percent":0.223,"country":"LV"},{"percent":0.228,"country":"LT"},{"percent":0.078,"country":"LU"},{"percent":0.181,"country":"HU"},{"percent":0.178,"country":"MT"},{"percent":0.095,"country":"NL"},{"percent":0.105,"country":"AT"},{"percent":0.192,"country":"PL"},{"percent":0.283,"country":"RO"},{"percent":0.132,"country":"SI"},{"percent":0.177,"country":"SK"},{"percent":0.11,"country":"FI"},{"percent":0.108,"country":"SE"},{"percent":0.1088,"country":"CH"}]
